name,album,artist,id,release_date,popularity,danceability,energy,valence,loudness,kmeans
15 Step,In Rainbows,Radiohead,6dsq7Nt5mIFzvm5kIYNORy,2007-12-28,61,0.6,0.853,0.847,-7.584,1
2 + 2 = 5,Hail To the Thief,Radiohead,37kUGdEJJ7NaMl5LFW4EA4,2003,57,0.443,0.717,0.386,-5.498,1
A Brain in a Bottle,Tomorrow's Modern Boxes,Thom Yorke,0ztEZNjeZQ45nMcsqYxxyc,2014,43,0.787,0.558,0.431,-12.365,1
A Punch Up At a Wedding,Hail To the Thief,Radiohead,2LfUYXF8jfrHCfwYyf2pRj,2003,50,0.603,0.507,0.568,-9.965,1
A Wolf At the Door,Hail To the Thief,Radiohead,66cuLvkHsW7dNkfNk6gQP9,2003,52,0.48,0.675,0.37,-7.134,1
Airbag,OK Computer,Radiohead,3OsUjkcv1C1v5udFhgRSFg,1997-05-28,58,0.306,0.872,0.648,-7.313,1
Airbag - Remastered,OK Computer OKNOTOK 1997 2017,Radiohead,4F4Wtw45jKohdzu9onG6WH,2017-06-23,48,0.319,0.935,0.63,-5.709,1
Amok,AMOK,Atoms For Peace,2r4cSpg6mKnb8wBBN5g5hz,2013-02-25,38,0.618,0.811,0.669,-7.075,1
Analyse,The Eraser,Thom Yorke,5fOOQFVHQb1M58iSYebKeW,2006-07-10,45,0.56,0.841,0.42,-8.394,1
Analyse (Various Remix),The Eraser Rmxs,Thom Yorke,5kvkww23niURT9M1F9sjGs,2008,19,0.726,0.706,0.589,-7.402,1
And It Rained All Night,The Eraser,Thom Yorke,0jXGA2HfX89Ofgm0F5vVjI,2006-07-10,38,0.306,0.914,0.34,-7.083,1
And It Rained All Night (Burial Remix),The Eraser Rmxs,Thom Yorke,70jx2rO4bbtUqlgGu96Q3X,2008,25,0.688,0.959,0.676,-7.056,1
Anyone Can Play Guitar,Pablo Honey,Radiohead,4NUc1M0CS7b6zvWoyvibju,1993-02-22,50,0.294,0.813,0.554,-10.772,1
Atoms For Peace (Four Tet Remix),The Eraser Rmxs,Thom Yorke,2rxBZkJX2MXrsFEJrSWi27,2008,32,0.622,0.629,0.73,-10.661,1
Backdrifts,Hail To the Thief,Radiohead,6CVdTDYoDbwYj4xn8u5Gha,2003,51,0.718,0.718,0.732,-10.06,1
Bangers + Mash,In Rainbows (Disk 2),Radiohead,2mAWzzAi9pdKwteyg0lNqj,2007-12-03,42,0.637,0.98,0.65,-4.981,1
Before Your Very Eyes...,Before Your Very Eyes... / Magic Beanz,Atoms For Peace,5kbhsf3kdmjbzCFtTaufPd,2013-07-01,21,0.554,0.801,0.408,-11.339,1
Black Swan,The Eraser,Thom Yorke,4VbV8Zyjuu1qz0QteX1wVC,2006-07-10,56,0.613,0.791,0.509,-7.293,1
Black Swan (Cristian Vogel Spare Parts Remix),The Eraser Rmxs,Thom Yorke,3H4exceNzDQZd5gi0hS70f,2008,22,0.655,0.939,0.471,-8.744,1
Black Swan (Vogel Bonus Beat Eraser Remix),The Eraser Rmxs,Thom Yorke,6Ee6U8v7H7REp4l0AsW7tL,2008,19,0.855,0.705,0.534,-9.887,1
Bloom,The King Of Limbs,Radiohead,6tLALP9mi7VbNC7s16iBRK,2011-02-18,51,0.518,0.959,0.341,-7.596,1
Bloom (Blawan Rmx),TKOL RMX 1234567,Radiohead,1AVrv7FD10FoKW38oBiKRg,2011-10-10,29,0.582,0.949,0.0327,-7.958,1
Bloom (Mark Pritchard Rmx),TKOL RMX 1234567,Radiohead,2H7Y8wYixrSlKJoaZ1N2yl,2011-10-10,31,0.414,0.712,0.286,-7.97,1
Bloom (Objekt RMX),TKOL RMX 1234567,Radiohead,6M0NzgHVT1FL7vPIUTZlXD,2011-10-10,27,0.832,0.674,0.237,-9.099,1
Bodysnatchers,In Rainbows,Radiohead,4m0Vgr48VFaMYw0Sp1ozJu,2007-12-28,59,0.343,0.977,0.727,-4.993,1
Bones,The Bends,Radiohead,0OT4Rhd9cw1yajN9ZxL6qL,1995-03-28,52,0.358,0.705,0.419,-8.284,1
Burn the Witch,A Moon Shaped Pool,Radiohead,3pcCifdPTc2BbqmWpEhtUd,2016-05-08,57,0.541,0.847,0.62,-6.52,1
Default,Default / What the Eyeballs Did,Atoms For Peace,6F25XOoQ6bZsdh0Xc47ob6,2012-12-04,20,0.793,0.855,0.697,-4.863,1
Down Is The New Up,In Rainbows (Disk 2),Radiohead,6CNt7GXfOOS5Hkxu8e4vav,2007-12-03,43,0.532,0.845,0.125,-6.967,1
Dropped,AMOK,Atoms For Peace,3UpMuTtzhnVNQGUlfP5zfj,2013-02-25,37,0.611,0.739,0.69,-5.735,1
Electioneering,OK Computer,Radiohead,6PBHfI3G8MlQ8qdItoVoxL,1997-05-28,53,0.185,0.889,0.331,-5.491,1
Electioneering - Remastered,OK Computer OKNOTOK 1997 2017,Radiohead,2HpUjdaboRlwPOSZT1UZrZ,2017-06-23,44,0.204,0.951,0.44,-4.345,1
FeelingPulledApartByHorses,FeelingPulledApartByHorses,Thom Yorke,53MpsXQZGUULbdPEa90sPl,2009,31,0.647,0.702,0.538,-8.799,1
Feral,The King Of Limbs,Radiohead,0eECFDnWy0RdjMmJ8NOeAL,2011-02-18,44,0.49,0.777,0.729,-11.521,1
Feral (Lone RMX),TKOL RMX 1234567,Radiohead,3zkFTfcboFcOdno0CHCmTc,2011-10-10,31,0.761,0.877,0.222,-7.806,1
Give Up The Ghost (Thriller Houseghost Remix),TKOL RMX 1234567,Radiohead,1gaAIZ4vGQ6QvDUgN2Xyus,2011-10-10,30,0.596,0.894,0.143,-9.477,1
Go To Sleep,Hail To the Thief,Radiohead,6TdGeb9e2KL6RZG0VxoTMd,2003,51,0.288,0.86,0.66,-6.311,1
Harrowdown Hill,The Eraser,Thom Yorke,2C3xIudHEjCIS5KT4JuM0b,2006-07-10,44,0.705,0.668,0.217,-8.426,1
Harrowdown Hill (The Bug Remix),The Eraser Rmxs,Thom Yorke,2jvBbSXn5aeA9rNwEtcPYA,2008,23,0.534,0.958,0.141,-5.932,1
Hearing Damage,Hearing Damage,Thom Yorke,7z8KQiJ4kclFjGGjDRkvFK,2009-10-18,56,0.627,0.86,0.144,-6.321,1
House Of Cards,In Rainbows,Radiohead,3Jc6X15OZCCyhGSHBF4hwB,2007-12-28,63,0.71,0.496,0.637,-9.638,1
How Do You?,Pablo Honey,Radiohead,71wIOoaoVMUwskK5yCXZL4,1993-02-22,46,0.185,0.964,0.239,-8.316,1
I Can't,Pablo Honey,Radiohead,48IEDejXX5LH8TAC3VIGpc,1993-02-22,43,0.284,0.825,0.276,-10.256,1
I Might Be Wrong,Amnesiac,Radiohead,0JhpYE9xA3UpSFrmXTZyIF,2001-03-12,58,0.601,0.735,0.505,-8.321,1
I Might Be Wrong (Live),I Might Be Wrong,Radiohead,2hWZJox4TXssEA8lNUBxPN,2001,36,0.409,0.943,0.332,-8.843,1
Idioteque,Kid A,Radiohead,7xqeIdLJSf3bgmZ7vUvHrE,2000-10-01,59,0.615,0.931,0.53,-7.8,1
Idioteque (Live In Oxford),I Might Be Wrong,Radiohead,3Em5EatvVONefKtPAjXad0,2001,36,0.493,0.979,0.322,-6.132,1
Iluvya,Spitting Feathers,Thom Yorke,1hTaPnoIphvtCMr4uVkVV7,2006-08-21,16,0.613,0.985,0.702,-6.347,1
Impossible Knots,ANIMA,Thom Yorke,0yOwZ2cIZAJpBKZKfSKZUI,2019-06-27,38,0.218,0.675,0.53,-10.789,1
Jigsaw Falling Into Place,In Rainbows,Radiohead,15ea10YpJIl3mJq75yzqsD,2007-12-28,63,0.461,0.833,0.808,-6.082,1
Judge Jury and Executioner,AMOK,Atoms For Peace,24YY8ILPDSKapND4kzP1gi,2013-02-25,35,0.89,0.66,0.634,-7.706,1
Just,The Bends,Radiohead,4SE81CrzH0qPA8KHqM9Syz,1995-03-28,61,0.291,0.767,0.358,-6.913,1
Little By Little,The King Of Limbs,Radiohead,4tCwsdqqG4jASHhbsMHCx0,2011-02-18,46,0.619,0.886,0.604,-8.423,1
Little By Little (Shed),TKOL RMX 1234567,Radiohead,1mlpZ1Zv1CZSAVsXKQYnQY,2011-10-10,29,0.344,0.79,0.472,-9.084,1
Lotus Flower,The King Of Limbs,Radiohead,1amSa5xo79zINsgrpNlNge,2011-02-18,58,0.721,0.676,0.621,-8.78,1
Lotus Flower (SBTRKT RMX),TKOL RMX 1234567,Radiohead,1MheF7RyAsg9tuI6Vje9SB,2011-10-10,31,0.792,0.49,0.422,-8.229,1
Magic Beanz,Before Your Very Eyes... / Magic Beanz,Atoms For Peace,1Udj37KFsXJkbCERPfbTCD,2013-07-01,24,0.344,0.951,0.18,-7.031,1
Meeting in the Aisle - Remastered,OK Computer OKNOTOK 1997 2017,Radiohead,5tDkjUaPiTYne5aDtg6ZUE,2017-06-23,43,0.385,0.776,0.148,-4.871,1
Morning Bell (Live In Oxford),I Might Be Wrong,Radiohead,5MwVV6v5ak6NecRGXazcPJ,2001,33,0.519,0.8,0.341,-7.207,1
Morning Mr Magpie,The King Of Limbs,Radiohead,3wxmJSQ3Z1HfAuxeHQoZcE,2011-02-18,46,0.648,0.588,0.403,-10.993,1
Morning Mr Magpie (Nathan Fake Rmx),TKOL RMX 1234567,Radiohead,64lecUR19lBSu317AzVZv3,2011-10-10,33,0.661,0.707,0.846,-7.023,1
My Iron Lung,The Bends,Radiohead,4dPKQxaraW6CG1rTBzV6DW,1995-03-28,55,0.242,0.859,0.671,-8.4,1
Myxomatosis,Hail To the Thief,Radiohead,38WL6GlG9NHFiQS6JxV84r,2003,48,0.499,0.815,0.57,-7.079,1
Nose Grows Some,Tomorrow's Modern Boxes,Thom Yorke,0MgBSd3GVQQyK4ihtXO6LZ,2014,37,0.517,0.636,0.878,-13.75,1
Not The News,ANIMA,Thom Yorke,7ypjELqhyUT3BBCws8kzKN,2019-06-27,42,0.558,0.813,0.28,-8.919,1
Not The News - Extendo Mix,Not the News Rmx EP,Thom Yorke,4bQHxrQJbRnWoqpXvuf3jQ,2019-08-02,22,0.616,0.739,0.203,-8.684,1
Optimistic,Kid A,Radiohead,4DE6Wkt9fW7R5e9gJGWQim,2000-10-01,53,0.403,0.757,0.573,-9.931,1
Palo Alto - Remastered,OK Computer OKNOTOK 1997 2017,Radiohead,7BFYY2EFrru8QHolUiKpEE,2017-06-23,40,0.406,0.819,0.325,-7.825,1
Paranoid Android,OK Computer,Radiohead,2nTsKOXIVGDf2iPeVQO2Gm,1997-05-28,67,0.252,0.849,0.194,-6.501,1
Paranoid Android - Remastered,OK Computer OKNOTOK 1997 2017,Radiohead,1QgI14YcWg3tOobXjzlNMl,2017-06-23,52,0.332,0.826,0.216,-7.269,1
Pearly* - Remastered,OK Computer OKNOTOK 1997 2017,Radiohead,4ozum7awQLhJ6D6fQL5xPy,2017-06-23,41,0.324,0.853,0.317,-5.811,1
Planet Telex,The Bends,Radiohead,05evePUsIT1cmIURp1hgu6,1995-03-28,55,0.429,0.88,0.255,-8.013,1
Ripcord,Pablo Honey,Radiohead,4nklmaiY4gfQI3SB1sLGsd,1993-02-22,43,0.256,0.906,0.254,-10.436,1
S.A.D.,Judge Jury and Executioner / S.A.D.,Atoms For Peace,3ctDYlZOkEjmEl0zPLlwfW,2013-03-11,25,0.669,0.748,0.364,-10.349,1
Scatterbrain,Hail To the Thief,Radiohead,467FBnBDRfL8Hz9ktUUybj,2003,46,0.492,0.753,0.234,-8.617,1
Separator,The King Of Limbs,Radiohead,2rA36OZNb3LkvqcNro1ugK,2011-02-18,48,0.693,0.776,0.659,-9.804,1
Separator (Anstam RMX),TKOL RMX 1234567,Radiohead,2Bri2rrUY9kVo6teP0kaeJ,2011-10-10,41,0.746,0.916,0.117,-7.797,1
Sit Down. Stand Up,Hail To the Thief,Radiohead,3wPLVTqp66miOokxN1cLbm,2003,48,0.483,0.559,0.52,-7.434,1
Skip Divided (Modeselektor Remix),The Eraser Rmxs,Thom Yorke,0Aphl3uGYo7PCoVSGZjnAP,2008,28,0.688,0.826,0.541,-7.603,1
Staircase,The Daily Mail / Staircase,Radiohead,2O6h9bcoyqbg9OYTqHJ535,2011-12-19,40,0.367,0.877,0.807,-8.102,1
Stuck Together Pieces,AMOK,Atoms For Peace,6fi8e1nv4QBqODf9puRcyX,2013-02-25,36,0.643,0.716,0.647,-10.484,1
Sulk,The Bends,Radiohead,4HtPAkZnSyGtNvBnfDc2nw,1995-03-28,51,0.167,0.636,0.671,-7.4,1
The Bends,The Bends,Radiohead,3aDUSpF3LexOr1lFKvPV2h,1995-03-28,55,0.288,0.757,0.311,-8.065,1
The Butcher,Supercollider / The Butcher,Radiohead,6jIvShcsrWjHuNpPnkAhb2,2016-11-18,44,0.83,0.569,0.703,-14.666,1
The Clock,The Eraser,Thom Yorke,7aMFgxGAKBCrYdyrY6SMek,2006-07-10,41,0.572,0.68,0.723,-9.927,1
The Clock (Surgeon Remix),The Eraser Rmxs,Thom Yorke,4l13TkLaLQtYOTFGG2YxY8,2008,24,0.718,0.942,0.286,-4.65,1
The Drunkk Machine,Spitting Feathers,Thom Yorke,5U7dhn1yYxEqxcjqL4khCj,2006-11-22,0,0.757,0.967,0.0598,-8.018,1
The National Anthem,Kid A,Radiohead,01UstUPbzPgq2MNp6h0tVo,2000-10-01,58,0.486,0.754,0.387,-8.552,1
The National Anthem (Live in France),I Might Be Wrong,Radiohead,3bk7mfQWZ0acgp0hXzYQKS,2001,35,0.344,0.864,0.289,-5.679,1
TheHollowEarth,FeelingPulledApartByHorses,Thom Yorke,0AIgJtsiphW1Aw2Q0Kyla6,2009,27,0.534,0.735,0.703,-9.827,1
"There, There",Hail To the Thief,Radiohead,77SPrxY5gn6VPrKPGrfLnM,2003,58,0.614,0.677,0.717,-8.317,1
Unless,AMOK,Atoms For Peace,7alFGBi594HZ8ndIBhYFUj,2013-02-25,36,0.581,0.925,0.145,-7.603,1
Vegetable,Pablo Honey,Radiohead,11qDTSr3Dj4TkPnBcIOqEJ,1993-02-22,43,0.384,0.717,0.42,-8.868,1
What the Eyeballs Did,Default / What the Eyeballs Did,Atoms For Peace,2X91JLfOqO0tk59PQP3b3V,2012-12-04,24,0.725,0.779,0.68,-7.323,1
Where I End and You Begin,Hail To the Thief,Radiohead,5X3uhutgZktlUWmzIOE3NG,2003,50,0.297,0.714,0.486,-7.863,1
Banksters,Earth,EOB,3WjURarf3ODlvegw0KSBqs,2020-04-17,36,0.707,0.542,0.748,-9.079,1
Bring Me Coffee Or Tea - 2011 Remastered,Norwegian Wood OST,Jonny Greenwood,1FVtSY8OvuvtQ6Ym9Ipsmy,2011-01-28,0,0.386,0.642,0.557,-11.861,1
Coming Up for Air,Weatherhouse,Philip Selway,6LN6M0vPyT0wQwDTuniisk,2014-10-06,30,0.698,0.485,0.396,-8.935,1
Coming up for Air,Weatherhouse,Philip Selway,0HYovXUSw1wR4nWqlAW8vs,2014-01-29,6,0.699,0.487,0.394,-8.804,1
Convergence,Bodysong. (Remastered),Jonny Greenwood,7LBAHBg4vy9yOJ5MzjUjhC,2003,22,0.674,0.61,0.354,-12.126,1
Dark Streets,You Were Never Really Here (Original Motion Picture Soundtrack),Jonny Greenwood,5gt4YkI0qqBvjtRh4zMikZ,2018-03-09,23,0.698,0.245,0.763,-15.999,1
Dark Streets (Reprise),You Were Never Really Here (Original Motion Picture Soundtrack),Jonny Greenwood,5QEsKsEGJTGikhd8kS72nd,2018-03-09,14,0.609,0.871,0.346,-11.284,1
Dark Streets - Reprise,You Were Never Really Here (Original Motion Picture Soundtrack),Jonny Greenwood,36XXH21to96SfewgZ51qB1,2018-03-09,15,0.643,0.871,0.344,-11.284,1
Deep Days,Earth,EOB,0Er3BwT1Wop7L9I1OWHkOF,2020-04-17,38,0.776,0.371,0.643,-9.674,1
"Don't Turn The Light On, Leave Me Alone (from Cream)",Norwegian Wood OST,Jonny Greenwood,1qoN2c6pQnZQEBwwtahHRt,2011-01-28,0,0.585,0.666,0.548,-10.274,1
"Greenwood: Popcorn Superhet Receiver:, Pt. 2 B",Penderecki & Greenwood: Threnody for the Victims of Hiroshima / Popcorn Superhet Receiver / Polymorphia / 48 Responses to Polymorphia,Jonny Greenwood,6kTTqKKfbeJv4LE4tlrLLo,2012-03-09,11,0.619,0.641,0.931,-20.324,1
Hammer and Tape,You Were Never Really Here (Original Motion Picture Soundtrack),Jonny Greenwood,4vro6clGmZRSK2web22INs,2018-03-09,15,0.708,0.333,0.964,-17.619,1
Nausea,You Were Never Really Here (Original Motion Picture Soundtrack),Jonny Greenwood,1oJsANfP7G4ExjzpydyW6Q,2018-03-09,17,0.507,0.482,0.862,-12.002,1
Nudnik Headache,Bodysong. (Remastered),Jonny Greenwood,68loColhiv5AeQMT6jlAp4,2003,12,0.759,0.923,0.0355,-11.703,1
Olympik,Earth,EOB,6eKeuLRPiVSCO4p1OsFirm,2020-04-17,39,0.631,0.876,0.739,-8.569,1
Olympik - Spike Stent Edit,Olympik,EOB,6a8bMi1XSRIW5G8zRPtp2s,2020-04-02,20,0.664,0.944,0.591,-6.497,1
Proven Lands,There Will Be Blood (Music from the Motion Picture),Jonny Greenwood,2hU4G919MDVb9FhhPJujRf,2007-12-18,24,0.767,0.447,0.865,-17.438,1
Shangri-La,Shangri-La,EOB,5h1rJXqX19bGpIrypJiOrI,2020-02-06,38,0.743,0.574,0.664,-8.533,1
Shangri-La - Spike Stent Edit,Shangri-La,EOB,1sWEyV5Dd6fW5je5OwZvml,2020-03-17,21,0.739,0.714,0.685,-4.813,1
Ajib Dastan Hai Yeh,Dil Apna Aur Preet Parai,Shankar Jaikishan,6Rl4eDKFpvntiRKtPn8d5V,1960-01-01,52,0.566,0.412,0.68,-12.63,1
Levitating,Future Nostalgia,Dua Lipa,39LLxExYz6ewLAcYrzQQyP,2020-03-27,81,0.695,0.884,0.914,-2.278,1
good 4 u,SOUR,Olivia Rodrigo,4ZtFanR9U6ndgddUvNcjcG,2021-05-21,85,0.563,0.664,0.688,-5.044,1
Senorita,Zindagi Na Milegi Dobara,Shankar-Ehsaan-Loy,3TAhWtQnpoL5Vl9VQPl9fU,2011-06-06,63,0.701,0.681,0.81,-6.442,1
,,Various Artists,7DonyrUlcVcrtk28mqvWNL,0000,0,0.705,0.678,0.691,-8.644,1
"Ghungroo (From ""War"")","Ghungroo (From ""War"")",Vishal-Shekhar,0WdbnNKO0Jt4BZACSDQh44,2019-09-30,70,0.695,0.727,0.864,-6.274,1
Last Resort,Infest,Papa Roach,5W8YXBz9MTIDyrpYaCg2Ky,2001-04-25,80,0.589,0.89,0.692,-3.719,1
Dandelions,Safe Haven,Ruth B.,2eAvDnpXP5W0cVtiI0PUxV,2017-05-05,88,0.609,0.692,0.454,-2.958,1
Har Kisi Ko,Boss,Various Artists,7FPbxfwWa2gzB9ePX19I5z,2013-09-10,51,0.553,0.705,0.324,-6.898,1
,,Various Artists,2EM2vuV1jMHPQZ9SUJSB39,0000,0,0.678,0.612,0.388,-5.891,1
We Wish You A Merry Christmas,Evergreen,Pentatonix,7fu9Qxb3dloPFtIDAlmPRx,2021-10-29,40,0.293,0.368,0.705,-9.505,1
Somebody To Love - Live At The Montreal Forum / November 1981,Queen Rock Montreal,Queen,2w4etd9ghamWZUqpk1uINX,2007-10-29,35,0.384,0.886,0.306,-5.106,1
Boulevard of Broken Dreams,Greatest Hits: God's Favorite Band,Green Day,5GorCbAP4aL0EJ16frG2hd,2017-11-17,76,0.496,0.682,0.474,-4.095,1
Choo Lo,Aalas Ka Pedh,The Local Train,2qgXrzJsry4KgYoJCpuaul,2015-09-25,66,0.512,0.695,0.351,-6.349,1
Sanson Ki Mala,Sanson Ki Mala,Rahat Fateh Ali Khan,0kT0RwW83Yl0Vrym7moHAo,2020-11-06,52,0.393,0.66,0.465,-3.914,1
Vande Mataram,Anand Math,Hemant Kumar,58JTpSANNneHrsMeoL7ukC,1952-01-01,22,0.369,0.387,0.746,-11.381,1
Piya Se Naina,Coke Studio @ MTV Season 3: Episode 2,Ram Sampath,2pEkvZNzEUl7BkdYzoSDtk,2013-08-24,34,0.442,0.888,0.688,-4.386,1
,,Various Artists,2WQwk9YwLmwyOgDHa2WiVk,0000,0,0.478,0.594,0.536,-9.752,1
Stitches,Handwritten,Shawn Mendes,3zkWCteF82vJwv0hRLba76,2015-04-14,80,0.746,0.754,0.746,-6.684,1
Neele Neele Ambar Par - Male Version,Kalaakaar (Original Motion Picture Soundtrack),Kalyanji-Anandji,02zPo0Dt0R4TTFY5zLJZnK,1983-06-10,66,0.562,0.696,0.722,-7.612,1
Teri Deewani,Kailasa,Kailasa,2iNqdCchlUZEgjJbQyZf8T,2006-02-24,62,0.447,0.6,0.434,-3.718,1
Summertime Sadness,Born To Die - The Paradise Edition,Lana Del Rey,3BJe4B8zGnqEdQPMvfVjuS,2012-01-01,83,0.565,0.654,0.235,-6.826,1
Shape of You,รท (Deluxe),Ed Sheeran,7qiZfU4dY1lWllzX7mPBI3,2017-03-03,86,0.825,0.652,0.931,-3.183,1
Hotel California - 2013 Remaster,Hotel California (2013 Remaster),Eagles,40riOy7x9W7GXjyGp4pjAv,1976-12-08,83,0.579,0.508,0.609,-9.484,1
Toxicity,Toxicity,System Of A Down,0snQkGI5qnAmohLE7jTsTn,2001-09-04,80,0.413,0.873,0.48,-4.151,1
Radhe,Samsara,Anand Bhaskar Collective,1yzqjPNdV5wwftwkpSsh4d,2014-11-22,22,0.441,0.834,0.313,-3.872,1
